{"version":"0.4","title":"Dokan Store","type":"store","content":[{"id":"542517a5","settings":{"structure":"21"},"elements":[{"id":"1f9b45c2","settings":{"_column_size":33,"_inline_size":27.113},"elements":[{"id":"6d0c3de7","settings":[],"elements":[],"isInner":false,"widgetType":"wp-widget-dokan-store-support-widget","elType":"widget"},{"id":"23cc006e","settings":[],"elements":[],"isInner":false,"widgetType":"wp-widget-dokan-store-open-close-widget","elType":"widget"},{"id":"106cfba1","settings":[],"elements":[],"isInner":false,"widgetType":"wp-widget-dokan-store-contact-widget","elType":"widget"},{"id":"1234a4d3","settings":[],"elements":[],"isInner":false,"widgetType":"wp-widget-dokan-store-location","elType":"widget"},{"id":"385348fa","settings":[],"elements":[],"isInner":false,"widgetType":"wp-widget-dokan-store-menu","elType":"widget"}],"isInner":false,"elType":"column"},{"id":"23e61055","settings":{"_column_size":66,"_inline_size":72.886},"elements":[{"id":"52423dc3","settings":{"layout":"full_width","background_background":"classic","background_color":"#ffffff","border_border":"solid","border_width":{"unit":"px","top":"1","right":"1","bottom":"1","left":"1","isLinked":true},"border_color":"#dddddd","margin":{"unit":"px","top":"","right":0,"bottom":"","left":0,"isLinked":false},"structure":"20","padding":{"unit":"%","top":"","right":"","bottom":"","left":"","isLinked":false}},"elements":[{"id":"4d1a0ab","settings":{"_column_size":50,"_inline_size":21.022},"elements":[{"id":"52a7722c","settings":{"__dynamic__":{"image":"[elementor-tag id=\"\" name=\"dokan-store-profile-picture\" settings=\"%7B%22fallback%22%3A%7B%22url%22%3A%22https%3A%5C%2F%5C%2Fsecure.gravatar.com%5C%2Favatar%5C%2F%3Fs%3D96%26d%3Dmm%26r%3Dg%22%2C%22id%22%3A0%7D%7D\"]"},"align":"left","width":{"unit":"%","size":100},"image_border_border":"solid","image_border_width":{"unit":"px","top":"3","right":"3","bottom":"3","left":"3","isLinked":true},"image_border_color":"#ffffff","image_box_shadow_box_shadow_type":"yes","image_box_shadow_box_shadow":{"horizontal":0,"vertical":1,"blur":2,"spread":0,"color":"rgba(0,0,0,0.3)"},"image":{"id":"150","url":"http:\/\/localhost\/dokan\/wp-content\/uploads\/2019\/05\/placeholder.png"}},"elements":[],"isInner":false,"widgetType":"dokan-store-profile-picture","elType":"widget"}],"isInner":true,"elType":"column"},{"id":"36c5f5c7","settings":{"_column_size":50,"_inline_size":78.974},"elements":[{"id":"24fe3938","settings":{"__dynamic__":{"title":"[elementor-tag id=\"\" name=\"dokan-store-name-tag\" settings=\"%7B%22before%22%3A%22%22%2C%22after%22%3A%22%22%2C%22fallback%22%3A%22%22%7D\"]"},"title":"Add Your Heading Text Here","align":"left","title_color":"#444444","typography_typography":"custom","typography_font_size":{"unit":"px","size":35},"_margin":{"unit":"px","top":"0","right":"0","bottom":"-12","left":"0","isLinked":false}},"elements":[],"isInner":false,"widgetType":"dokan-store-name","elType":"widget"},{"id":"757514a4","settings":{"icon_list":[{"key":"address","title":"Address","text":"New York, United States (US)","icon":"fa fa-map-marker","show":true,"__dynamic__":{"text":"New York, United States (US)"},"_id":"0fb5139"},{"key":"phone","title":"Phone No","text":"123-456-7890","icon":"fa fa-mobile","show":true,"__dynamic__":{"text":"New York, United States (US)"},"_id":"4a1e75e"},{"key":"email","title":"Email","text":"mail@store.com","icon":"fa fa-envelope-o","show":true,"__dynamic__":{"text":"New York, United States (US)"},"_id":"4c63681"},{"key":"rating","title":"Rating","text":"5 rating from 100 reviews","icon":"fa fa-star","show":true,"__dynamic__":{"text":"New York, United States (US)"},"_id":"5d4b2cb"},{"key":"open_close_status","title":"Open\/Close Status","text":"Store is open","icon":"fa fa-shopping-cart","show":true,"__dynamic__":{"text":"New York, United States (US)"},"_id":"7f033ed"}],"__dynamic__":{"store_info":"[elementor-tag id=\"\" name=\"dokan-store-info\" settings=\"%7B%22before%22%3A%22%22%2C%22after%22%3A%22%22%2C%22fallback%22%3A%22%22%7D\"]"},"space_between":{"unit":"px","size":2},"icon_color":"#444444","_margin":{"unit":"px","top":"0","right":"0","bottom":"-5","left":"0","isLinked":false}},"elements":[],"isInner":false,"widgetType":"dokan-store-info","elType":"widget"},{"id":"7e2f6bac","settings":{"social_icon_list":[{"social":"fa fa-facebook","_id":"a14568e","link":{"url":"","is_external":"true","nofollow":""}},{"social":"fa fa-google-plus","_id":"f8dd706","link":{"url":"","is_external":"true","nofollow":""}},{"social":"fa fa-twitter","_id":"8f84d9a","link":{"url":"","is_external":"true","nofollow":""}},{"social":"fa fa-pinterest","_id":"64c8162","link":{"url":"","is_external":"true","nofollow":""}},{"social":"fa fa-linkedin","_id":"c6331c5","link":{"url":"","is_external":"true","nofollow":""}},{"social":"fa fa-youtube","_id":"c4b056c","link":{"url":"","is_external":"true","nofollow":""}},{"social":"fa fa-instagram","_id":"88dc931","link":{"url":"","is_external":"true","nofollow":""}},{"social":"fa fa-flickr","_id":"916797b","link":{"url":"","is_external":"true","nofollow":""}}],"__dynamic__":{"store_social_links":"[elementor-tag id=\"\" name=\"dokan-store-social-profile-tag\" settings=\"%7B%22before%22%3A%22%22%2C%22after%22%3A%22%22%2C%22fallback%22%3A%22%22%7D\"]"},"align":"left","icon_size":{"unit":"px","size":12},"custom_css":"selector {\n    line-height: 1;\n}"},"elements":[],"isInner":false,"widgetType":"dokan-store-social-profile","elType":"widget"}],"isInner":true,"elType":"column"}],"isInner":true,"elType":"section"},{"id":"2201c996","settings":{"layout":"full_width","gap":"no","structure":"20","background_background":"classic","background_color":"#ffffff","border_border":"solid","border_width":{"unit":"px","top":"0","right":"1","bottom":"1","left":"1","isLinked":false},"border_color":"#dddddd","box_shadow_box_shadow_type":"yes","box_shadow_box_shadow":{"horizontal":0,"vertical":1,"blur":1,"spread":0,"color":"rgba(0,0,0,0.11)"},"margin":{"unit":"px","top":"0","right":0,"bottom":"20","left":0,"isLinked":false}},"elements":[{"id":"7ba00b69","settings":{"_column_size":50,"_inline_size":42.628},"elements":[{"id":"117ee5ed","settings":{"view":"inline","icon_list":[{"key":"products","title":"Products","text":"Products","url":"#","icon":"","show":true,"__dynamic__":{"text":"Products","url":"#"},"_id":"fdee846"},{"key":"terms_and_conditions","title":"Terms and Conditions","text":"Terms and Conditions","url":"#","icon":"","show":true,"__dynamic__":{"text":"Terms and Conditions","url":"#"},"_id":"2be226c"},{"key":"reviews","title":"Reviews","text":"Reviews","url":"#","icon":"","show":true,"__dynamic__":{"text":"Reviews","url":"#"},"_id":"7fa6df5"},{"key":"vendor_biography","title":"Vendor Biography","text":"Vendor Biography","url":"#","icon":"","show":true,"__dynamic__":{"text":"Vendor Biography","url":"#"},"_id":"7fa6df6"}],"__dynamic__":{"tab_items":"[elementor-tag id=\"\" name=\"dokan-store-tab-items\" settings=\"%7B%22before%22%3A%22%22%2C%22after%22%3A%22%22%2C%22fallback%22%3A%22%22%7D\"]"},"divider":"yes","divider_height":{"unit":"px","size":40},"text_indent":{"unit":"px","size":0},"icon_typography_typography":"custom","icon_typography_font_size":{"unit":"px","size":14},"icon_typography_line_height":{"unit":"px","size":40},"_padding":{"unit":"px","top":"0","right":"0","bottom":"0","left":"8","isLinked":false}},"elements":[],"isInner":false,"widgetType":"dokan-store-tab-items","elType":"widget"}],"isInner":true,"elType":"column"},{"id":"2f23ec7","settings":{"_column_size":50,"_inline_size":57.368,"css_classes":"dokan-elementor-flex-right","margin":{"unit":"px","top":"","right":"","bottom":"","left":"","isLinked":false}},"elements":[{"id":"cd030ba","settings":{"__dynamic__":{"text":"[elementor-tag id=\"\" name=\"dokan-store-follow-store-button-tag\" settings=\"%7B%22before%22%3A%22%22%2C%22after%22%3A%22%22%2C%22fallback%22%3A%22%22%7D\"]"},"text":"Click here","size":"xs","_element_width":"auto","_margin":{"unit":"px","top":"3","right":"3","bottom":"0","left":"0","isLinked":false}},"elements":[],"isInner":false,"widgetType":"dokan-store-follow-store-button","elType":"widget"},{"id":"72d53a82","settings":{"__dynamic__":{"text":"[elementor-tag id=\"\" name=\"dokan-store-support-button-tag\" settings=\"%7B%22before%22%3A%22%22%2C%22after%22%3A%22%22%2C%22fallback%22%3A%22%22%7D\"]"},"text":"Click here","size":"xs","_element_width":"auto","_margin":{"unit":"px","top":"3","right":"3","bottom":"0","left":"0","isLinked":false}},"elements":[],"isInner":false,"widgetType":"dokan-store-support-button","elType":"widget"},{"id":"776ba102","settings":{"__dynamic__":{"text":"[elementor-tag id=\"\" name=\"dokan-store-live-chat-button-tag\" settings=\"%7B%22before%22%3A%22%22%2C%22after%22%3A%22%22%2C%22fallback%22%3A%22%22%7D\"]"},"text":"Click here","size":"xs","_element_width":"initial","_margin":{"unit":"%","top":"3","right":"0","bottom":"0","left":"0","isLinked":false}},"elements":[],"isInner":false,"widgetType":"dokan-store-live-chat-button","elType":"widget"},{"id":"3dd8a8b4","settings":{"text":"Share","size":"xs","_element_width":"auto","_margin":{"unit":"px","top":"3","right":"3","bottom":"0","left":"3","isLinked":false}},"elements":[],"isInner":false,"widgetType":"dokan-store-share-button","elType":"widget"}],"isInner":true,"elType":"column"}],"isInner":true,"elType":"section"},{"id":"7ffbbab8","settings":{"layout":"full_width","gap":"no","margin":{"unit":"%","top":"","right":0,"bottom":"","left":0,"isLinked":false}},"elements":[{"id":"2c3b47af","settings":{"_column_size":100,"_inline_size":null},"elements":[{"id":"54db1191","settings":{"alert_title":"We are on vacation!","__dynamic__":{"alert_description":"[elementor-tag id=\"\" name=\"dokan-store-vacation-message\" settings=\"%7B%22before%22%3A%22%22%2C%22after%22%3A%22%22%2C%22fallback%22%3A%22%22%7D\"]"}},"elements":[],"isInner":false,"widgetType":"dokan-store-vacation-message","elType":"widget"},{"id":"79602ef6","settings":{"__dynamic__":{"store_coupons":"[elementor-tag id=\"\" name=\"dokan-store-coupons-tag\" settings=\"%7B%22before%22%3A%22%22%2C%22after%22%3A%22%22%2C%22fallback%22%3A%22%22%7D\"]"}},"elements":[],"isInner":false,"widgetType":"dokan-store-coupons","elType":"widget"},{"id":"18e09e79","settings":{"__dynamic__":{"products":"[elementor-tag id=\"\" name=\"dokan-store-dummy-products\" settings=\"%7B%22before%22%3A%22%22%2C%22after%22%3A%22%22%2C%22fallback%22%3A%22%22%7D\"]"}},"elements":[],"isInner":false,"widgetType":"dokan-store-tab-contents","elType":"widget"}],"isInner":true,"elType":"column"}],"isInner":true,"elType":"section"}],"isInner":false,"elType":"column"}],"isInner":false,"elType":"section"}]}