{"archive_layout":"communitylist","category_layout":"communitylist","search_layout":"communitylist","enable_pagination":"1","post_layout_style":"default","width_layout":"extended","theme_subset":"flat","category_filter_panel":"","rehub_custom_css":"","rehub_analytics":"","rehub_analytics_header":"","rehub_custom_color":"#7000f4","rehub_sec_color":"#000000","rehub_btnoffer_color":"#de1414","rehub_btnoffer_color_hover":"#7000f4","rehub_btnoffer_color_text":"#ffffff","rehub_btnofferhover_color_text":"","enable_smooth_btn":"2","rehub_color_link":"","rehub_sidebar_left":"","rehub_body_block":"","rehub_content_shadow":"1","rehub_color_background":"","dark_theme":"","rehub_background_image":"","rehub_background_repeat":"repeat","rehub_background_position":"","rehub_background_fixed":"","rehub_branded_bg_url":"","rehub_logo":"https:\/\/recart.wpsoul.com\/wp-content\/uploads\/2019\/07\/logoanimate.gif","rehub_logo_retina":"","rehub_logo_retina_width":"","rehub_logo_retina_height":"","rehub_text_logo":"","rehub_text_slogan":"","rehub_header_style":"header_seven","rehub_logo_pad":"30","header_seven_compare_btn":"","header_seven_compare_btn_label":"","header_seven_cart":"1","header_seven_cart_as_btn":"1","header_seven_login":"1","header_five_menucenter":"","header_seven_login_label":"Login","header_seven_wishlist":"\/wishlist\/","header_seven_wishlist_label":"Wishlist","header_seven_more_element":"","header_six_login":"","header_six_btn":"","header_six_btn_color":"green","header_six_btn_txt":"Submit a deal","header_six_btn_url":"","header_six_btn_login":"","header_six_src":"","header_src_icon":"","header_six_menu":"","header_nine_wishlist":"","rehub_sticky_nav":"","rehub_logo_sticky_url":"","header_logoline_style":"0","rehub_header_color_background":"","rehub_header_background_image":"","rehub_header_background_repeat":"","rehub_header_background_position":"","header_menuline_style":"0","header_menuline_type":"0","rehub_nav_font_custom":"","rehub_nav_font_upper":"","rehub_nav_font_light":"1","rehub_nav_font_border":"","rehub_enable_menu_shadow":"","rehub_custom_color_nav":"","rehub_custom_color_nav_font":"","rehub_ajax_search":"","rehub_search_ptypes":[],"rehub_header_top_enable":"1","header_topline_style":"0","rehub_custom_color_top":"#7000f4","rehub_custom_color_top_font":"#f4f4f4","rehub_top_line_content":"<span class=\"ml5 mr5\"><i class=\"rhicon rhi-fire redbrightcolor mr5\"><\/i> Free Shipping on orders over US$39.99<\/span><span class=\"ml5 mr5\"><i class=\"rhicon rhi-mobile-android-alt orangecolor mr5\"><\/i> <a href=\"http:\/\/rehubdocs.wpsoul.com\/docs\/rehub-theme\/basic-settings\/how-to-add-top-line-on-site\/\" target=\"_blank\">How to make these links<\/a><\/span>","rehub_footer_widgets":"1","footer_style":"0","footer_color_background":"","footer_background_image":"","footer_background_repeat":"","footer_background_position":"","footer_style_bottom":"0","rehub_footer_text":"2019 Wpsoul.com Design. All rights reserved.","rehub_footer_logo":"","rehub_logo_inmenu":"1","rehub_logo_inmenu_url":"https:\/\/recart.wpsoul.com\/wp-content\/uploads\/2019\/07\/recartmobile.png","logo_mobilesliding":"https:\/\/recart.wpsoul.com\/wp-content\/uploads\/2019\/07\/logoanimate.gif","bg_mobilesliding":"","color_mobilesliding":"#ffffff","text_mobilesliding":"","rehub_single_before_post_note":"","rehub_logo_amp":"","amp_fb_id":"","amp_custom_in_header_top":"","amp_custom_in_header":"","amp_custom_in_footer":"","amp_custom_in_head_section":"","amp_custom_in_footer_section":"","amp_disable_default":"","amp_default_css_disable":"","amp_custom_css":"","woo_btn_disable":"","woo_compact_loop_btn":"","price_meta_woogrid":"1","woo_aff_btn":"","wooloop_image_size":"","wooloop_heading_color":"","wooloop_heading_size":"","wooloop_price_color":"","wooloop_price_size":"","wooloop_sale_color":"","disable_btn_offer_loop":"","rehub_enable_btn_recash":"","disable_grid_actions":"","price_meta_grid":"1","disable_inner_links":"","rehub_enable_expand":"","hot_max":"10","hot_min":"-10","featured_fallback_img":"","woo_columns":"4_col_side","rehub_sidebar_left_shop":"1","sidebar_mobile_shop":"1","woo_design":"gridrev","woo_number":"12","product_layout_style":"full_width_advanced","woo_code_zone_button":"","woo_code_zone_content":"","woo_code_zone_footer":"","woo_code_zone_float":"","woo_code_zone_loop":"","rh_woo_shop_global":"","woo_btn_inner_disable":"","disable_woo_scripts":"","woo_enable_share":"","woo_quick_view":"1","woo_cart_place":"","wooregister_xprofile":"","post_sync_with_user_location":"","save_meta_for_ce":[],"ce_custom_currency":"","enable_user_sub_id":"","sub_id_show":"","custom_sub_id":"","cashback_points":"","cashback_pending_points":"","cashback_declined_points":"","rehub_post_exclude_expired":"","enable_brand_taxonomy":"1","brand_taxonomy_layout":"compact_list","rehub_deal_store_tag":"","enable_blog_posttype":"","blog_layout_style":"default","blog_posttype_slug":"","blog_posttypecat_slug":"","blog_posttypetag_slug":"","blog_archive_layout":"list_blog","disable_google_fonts":"","enable_regular_fontawesome":"","rehub_nav_font":"","rehub_nav_font_style":"","rehub_nav_font_weight":"","rehub_nav_font_subset":[],"rehub_headings_font":"Poppins","rehub_headings_font_style":"normal","rehub_headings_font_weight":"700","rehub_headings_font_subset":[],"rehub_headings_font_upper":"","rehub_btn_font":"","rehub_btn_font_style":"","rehub_btn_font_weight":"","rehub_btn_font_subset":[],"rehub_btn_font_upper_dis":"","rehub_body_font":"Poppins","rehub_body_font_style":"normal","rehub_body_font_weight":"normal","rehub_body_font_subset":[],"body_font_size":"","rh_image_resize":"","enable_lazy_images":"1","criticalcss":"","exclude_author_meta":"","exclude_cat_meta":"","exclude_date_meta":"","exclude_comments_meta":"","hotmeter_disable":"","wishlist_disable":"","wishlistpage":"","wish_cache_enabled":"","thumb_only_users":"","wish_only_users":"","post_view_disable":"","date_publish":"","rehub_ptype_formeta":[],"rehub_disable_breadcrumbs":"","rehub_disable_share":"","rehub_disable_share_top":"","rehub_disable_social_footer":"","rehub_disable_prev":"","rehub_disable_tags":"","rehub_disable_author":"1","rehub_disable_relative":"","crop_dis_related":"","rehub_disable_feature_thumb":"","disable_post_sidebar":"","rehub_disable_comments":"","rehub_widget_comments":"","rehub_ads_top":"","rehub_ads_megatop":"","rehub_ads_infooter":"","rehub_single_after_title":"","rehub_single_before_post":"","rehub_single_code":"","rehub_shortcode_ads":"","rehub_shortcode_ads_2":"","rehub_ads_coupon_area":"","rehub_branded_banner_note":"","rehub_branded_banner_image":"","type_user_review":"full_review","type_total_score":"average","rehub_user_rev_criterias":"","type_schema_review":"editor","rehub_org_name_review":"","allowtorate":"guests_users","rehub_review_color":"","rehub_review_color_user":"","rh_front_review_fields":"","price_pattern":"us","rehub_btn_text":"","rehub_mask_text":"","rehub_btn_text_aff_links":"","rehub_readmore_text":"","buy_best_text":"","rehub_review_text":"","rehub_search_text":"","rehub_commenttitle_text":"","rehub_related_text":"","rehub_user_note":"","userlogin_enable":"1","custom_msg_popup":"","custom_login_url":"","custom_register_link":"\/my-account","custom_redirect_after_login":"","rehub_login_icon":"no","userlogin_term_page":"","userlogin_policy_page":"","userlogin_submit_page":"","userlogin_submit_page_label":"","userlogin_edit_page":"","userlogin_edit_page_label":"","enable_comment_link":"","rh_sync_role":"","bp_redirect":"","bp_group_widget_area":"","rehub_bpheader_image":"","bp_deactivateemail_confirm":"bp","userpopup_xprofile":"","rh_bp_seo_description":"","rh_bp_phone":"","rh_bp_custom_message_profile":"","rh_bp_user_post_name":"","rh_bp_user_post_slug":"","rh_bp_user_post_pos":"20","rh_bp_user_post_newpage":"","rh_bp_user_post_editpage":"","rh_bp_user_post_type":"","rh_bp_user_product_name":"","rh_bp_user_product_slug":"","rh_bp_user_product_pos":"21","rh_bp_user_product_newpage":"","rh_bp_user_product_editpage":"","rh_bp_user_product_type":"","bp_enable_mycred_comment_badge":"","rh_enable_mycred_comment":"","rh_mycred_custom_points":"","rh_award_role_mycred":"","rh_award_type_mycred":"","compare_page":"492","compare_multicats_textarea":"","compare_disable_button":"","compare_woo_cats":"","admin_badge_preview_1":"<div class=\"starburst_admin_wrapper\"><span class=\"re-ribbon-badge\"><span>Editor choice<\/span><\/span><\/div>","badge_label_1":"Editor choice","badge_color_1":"","admin_badge_preview_2":"<div class=\"starburst_admin_wrapper\"><span class=\"re-ribbon-badge\"><span>Best seller<\/span><\/span><\/div>","badge_label_2":"Best seller","badge_color_2":"","admin_badge_preview_3":"<div class=\"starburst_admin_wrapper\"><span class=\"re-ribbon-badge\"><span>Best value<\/span><\/span><\/div>","badge_label_3":"Best value","badge_color_3":"","admin_badge_preview_4":"<div class=\"starburst_admin_wrapper\"><span class=\"re-ribbon-badge\"><span>Best price<\/span><\/span><\/div>","badge_label_4":"Best price","badge_color_4":"","rehub_facebook":"http:\/\/facebook.com","rehub_twitter":"","rehub_instagram":"","rehub_wa":"","rehub_youtube":"","rehub_vimeo":"","rehub_pinterest":"","rehub_linkedin":"","rehub_soundcloud":"","rehub_vk":"","rehub_telegram":"","discord":"","rehub_rss":"","":""}