{"archive_layout":"communitylist","category_layout":"communitylist","search_layout":"communitylist","enable_pagination":"1","post_layout_style":"meta_compact","width_layout":"regular","theme_subset":"recash","category_filter_panel":"Show all:all:DESC\r\nHottest:post_hot_count:DESC\r\nPopular:rehub_views:DESC","rehub_custom_css":"","rehub_analytics":"","rehub_analytics_header":"","enable_blog_posttype":"","blog_layout_style":"default","blog_posttype_slug":"","blog_posttypecat_slug":"","blog_posttypetag_slug":"","blog_archive_layout":"list_blog","rehub_custom_color":"#fa9e19","rehub_sec_color":"#000000","rehub_third_color":"","rehub_btnoffer_color":"#fa9e19","rehub_btnoffer_color_hover":"","rehub_btnoffer_color_text":"#ffffff","rehub_btnofferhover_color_text":"","enable_smooth_btn":"2","rehub_color_link":"","rehub_sidebar_left":"","rehub_body_block":"","rehub_content_shadow":"","rehub_color_background":"#f2f2f2","dark_theme":"","rehub_background_image":"","rehub_background_repeat":"repeat","rehub_background_position":"","rehub_background_fixed":"","rehub_branded_bg_url":"","rehub_logo":"https:\/\/recash.wpsoul.net\/wp-content\/uploads\/2019\/07\/recashlogo.png","rehub_logo_retina":"","rehub_logo_retina_width":"255","rehub_logo_retina_height":"77","rehub_text_logo":"","rehub_text_slogan":"","rehub_header_style":"header_six","rehub_logo_pad":"10","header_seven_compare_btn":"","header_seven_compare_btn_label":"","header_seven_cart":"1","header_seven_cart_as_btn":"","header_seven_login":"","header_five_menucenter":"","header_seven_login_label":"","header_seven_wishlist":"","header_seven_wishlist_label":"","header_seven_more_element":"","header_six_login":"1","header_six_btn":"1","header_six_btn_color":"","header_six_btn_txt":"Submit a deal","header_six_btn_url":"\/add-deal\/","header_six_btn_login":"1","header_six_src":"1","header_src_icon":"","header_six_menu":"41","header_nine_wishlist":"","rehub_sticky_nav":"","rehub_logo_sticky_url":"","header_logoline_style":"0","rehub_header_color_background":"#ffffff","rehub_header_background_image":"","rehub_header_background_repeat":"","rehub_header_background_position":"","header_menuline_style":"1","header_menuline_type":"0","rehub_nav_font_custom":"","rehub_nav_font_upper":"","rehub_nav_font_light":"","rehub_nav_font_border":"","rehub_enable_menu_shadow":"","rehub_custom_color_nav":"#2961ae","rehub_custom_color_nav_font":"","rehub_ajax_search":"","rehub_search_ptypes":[],"rehub_header_top_enable":"","header_topline_style":"0","rehub_custom_color_top":"","rehub_custom_color_top_font":"","rehub_top_line_content":"","rehub_footer_widgets":"1","footer_style":"0","footer_color_background":"","footer_background_image":"","footer_background_repeat":"","footer_background_position":"","footer_style_bottom":"0","rehub_footer_text":"2016 Wpsoul Design. All rights reserved.","rehub_footer_logo":"","rehub_logo_inmenu_url":"https:\/\/recash.wpsoul.net\/wp-content\/uploads\/2020\/06\/remagmlogo.png","rehub_mobile_header_bg":"","rehub_mobile_header_color":"","logo_mobilesliding":"https:\/\/recash.wpsoul.net\/wp-content\/uploads\/2019\/07\/recashlogo.png","bg_mobilesliding":"","color_mobilesliding":"#e4e4e4","text_mobilesliding":"","rehub_single_before_post_note":"","rehub_logo_amp":"","amp_custom_in_header_top":"","amp_custom_in_header":"","amp_custom_in_footer":"","amp_custom_in_head_section":"","amp_custom_in_footer_section":"","amp_default_css_disable":"","amp_custom_css":".wpsm_pros ul li:before, .post-meta-big span.comm_count_meta:before, .wpsm_cons ul li:before{display:none}\r\n","woo_btn_disable":"","woo_compact_loop_btn":"","price_meta_woogrid":"1","woo_aff_btn":"","wooloop_image_size":"","wooloop_heading_color":"","wooloop_heading_size":"","wooloop_price_color":"","wooloop_price_size":"","wooloop_sale_color":"","disable_btn_offer_loop":"","rehub_enable_btn_recash":"","disable_grid_actions":"","price_meta_grid":"1","disable_inner_links":"","rehub_enable_expand":"1","hot_max":"100","hot_min":"-10","featured_fallback_img":"","woo_columns":"3_col","rehub_sidebar_left_shop":"","woo_design":"simple","woo_number":"12","product_layout_style":"default_with_sidebar","woo_code_zone_button":"","woo_code_zone_content":"","woo_code_zone_footer":"","woo_code_zone_float":"","woo_code_zone_loop":"","rh_woo_shop_global":"","woo_btn_inner_disable":"","disable_woo_scripts":"","woo_enable_share":"","woo_quick_view":"","woo_cart_place":"","wooregister_xprofile":"","post_sync_with_user_location":"","save_meta_for_ce":[],"ce_custom_currency":"","enable_user_sub_id":"","sub_id_show":"","custom_sub_id":"","cashback_points":"","cashback_pending_points":"","cashback_declined_points":"","rehub_post_exclude_expired":"","enable_title_shortcode":"","enable_brand_taxonomy":"1","brand_taxonomy_layout":"compact_list","rehub_deal_store_tag":"","disable_google_fonts":"","enable_regular_fontawesome":"","rehub_nav_font":"","rehub_nav_font_style":"","rehub_nav_font_weight":"","rehub_nav_font_subset":[],"rehub_headings_font":"","rehub_headings_font_style":"","rehub_headings_font_weight":"","rehub_headings_font_subset":[],"rehub_headings_font_upper":"","rehub_btn_font":"","rehub_btn_font_style":"","rehub_btn_font_weight":"","rehub_btn_font_subset":[],"rehub_btn_font_upper_dis":"","rehub_body_font":"","rehub_body_font_style":"","rehub_body_font_weight":"","rehub_body_font_subset":[],"body_font_size":"","rh_image_resize":"","enable_lazy_images":"1","criticalcss":"","exclude_author_meta":"","exclude_cat_meta":"","exclude_date_meta":"","exclude_comments_meta":"","hotmeter_disable":"","wishlist_disable":"","wishlistpage":"","wish_cache_enabled":"1","thumb_only_users":"","wish_only_users":"","post_view_disable":"","date_publish":"","rehub_ptype_formeta":[],"rehub_disable_breadcrumbs":"","rehub_disable_share":"","rehub_disable_share_top":"","rehub_disable_prev":"","rehub_disable_tags":"","rehub_disable_author":"","rehub_disable_relative":"","crop_dis_related":"","rehub_disable_feature_thumb":"","disable_post_sidebar":"","rehub_disable_comments":"","rehub_widget_comments":"","rehub_ads_top":"","rehub_ads_megatop":"","rehub_ads_infooter":"","rehub_single_after_title":"","rehub_single_before_post":"","rehub_single_code":"","rehub_shortcode_ads":"","rehub_shortcode_ads_2":"","rehub_ads_coupon_area":"","rehub_branded_banner_note":"","rehub_branded_banner_image":"","type_user_review":"simple","type_total_score":"editor","rehub_user_rev_criterias":"","type_schema_review":"editor","rehub_org_name_review":"","allowtorate":"guests_users","rehub_review_color":"","rehub_review_color_user":"","rh_front_review_fields":"","price_pattern":"us","rehub_btn_text":"","rehub_mask_text":"","rehub_btn_text_aff_links":"","rehub_readmore_text":"","buy_best_text":"","rehub_review_text":"","rehub_search_text":"","rehub_commenttitle_text":"","rehub_related_text":"","rehub_user_note":"","userlogin_enable":"1","custom_msg_popup":"","custom_login_url":"","custom_register_link":"","custom_redirect_after_login":"","rehub_login_icon":"no","userlogin_term_page":"208","userlogin_policy_page":"","userlogin_submit_page":"\/add-deal","userlogin_submit_page_label":"","userlogin_edit_page":"238","userlogin_edit_page_label":"","enable_comment_link":"1","rh_sync_role":"","bp_redirect":"","bp_group_widget_area":"","rehub_bpheader_image":"","bp_deactivateemail_confirm":"1","rh_bp_seo_description":"","rh_bp_phone":"","rh_bp_custom_message_profile":"","rh_bp_user_post_name":"","rh_bp_user_post_slug":"","rh_bp_user_post_pos":"20","rh_bp_user_post_newpage":"","rh_bp_user_post_editpage":"","rh_bp_user_post_type":"","rh_bp_user_product_name":"","rh_bp_user_product_slug":"","rh_bp_user_product_pos":"21","rh_bp_user_product_newpage":"","rh_bp_user_product_editpage":"","rh_bp_user_product_type":"","bp_enable_mycred_comment_badge":"","rh_enable_mycred_comment":"1","rh_mycred_custom_points":"","rh_award_role_mycred":"","rh_award_type_mycred":"","compare_page":"","compare_multicats_textarea":"","compare_disable_button":"","compare_woo_cats":"","admin_badge_preview_1":"<div class=\"starburst_admin_wrapper\"><span class=\"re-starburst\"><span><span><span><span><span><span><span><span><strong>Editor choice<\/strong><\/span><\/span><\/span><\/span><\/span><\/span><\/span><\/span><\/span><\/span><span class=\"re-line-badge re-line-table-badge\">Editor choice<\/span><span class=\"re-ribbon-badge\"><span>Editor choice<\/span><\/span><\/div>","badge_label_1":"Editor choice","badge_color_1":"","admin_badge_preview_2":"<div class=\"starburst_admin_wrapper\"><span class=\"re-starburst\"><span><span><span><span><span><span><span><span><strong>Best seller<\/strong><\/span><\/span><\/span><\/span><\/span><\/span><\/span><\/span><\/span><\/span><span class=\"re-line-badge re-line-table-badge\">Best seller<\/span><span class=\"re-ribbon-badge\"><span>Best seller<\/span><\/span><\/div>","badge_label_2":"Best seller","badge_color_2":"","admin_badge_preview_3":"<div class=\"starburst_admin_wrapper\"><span class=\"re-starburst\"><span><span><span><span><span><span><span><span><strong>Best value<\/strong><\/span><\/span><\/span><\/span><\/span><\/span><\/span><\/span><\/span><\/span><span class=\"re-line-badge re-line-table-badge\">Best value<\/span><span class=\"re-ribbon-badge\"><span>Best value<\/span><\/span><\/div>","badge_label_3":"Best value","badge_color_3":"","admin_badge_preview_4":"<div class=\"starburst_admin_wrapper\"><span class=\"re-starburst\"><span><span><span><span><span><span><span><span><strong>Best price<\/strong><\/span><\/span><\/span><\/span><\/span><\/span><\/span><\/span><\/span><\/span><span class=\"re-line-badge re-line-table-badge\">Best price<\/span><span class=\"re-ribbon-badge\"><span>Best price<\/span><\/span><\/div>","badge_label_4":"Best price","badge_color_4":"","rehub_facebook":"","rehub_twitter":"","rehub_instagram":"","rehub_wa":"","rehub_youtube":"","rehub_vimeo":"","rehub_pinterest":"","rehub_linkedin":"","rehub_soundcloud":"","rehub_vk":"","rehub_telegram":"","discord":"","rehub_rss":"","":""}