{"archive_layout":"communitylist","category_layout":"communitylist","search_layout":"communitylist","enable_pagination":"1","post_layout_style":"meta_compact_dir","width_layout":"regular","theme_subset":"redirect","category_filter_panel":"","rehub_custom_css":"","rehub_analytics":"","rehub_analytics_header":"","rehub_custom_color":"#ff4a32","rehub_sec_color":"#3d10ff","rehub_btnoffer_color":"#ff4a32","rehub_btnoffer_color_hover":"","rehub_btnoffer_color_text":"#ffffff","rehub_btnofferhover_color_text":"","enable_smooth_btn":"2","rehub_color_link":"","rehub_sidebar_left":"","rehub_body_block":"","rehub_content_shadow":"","rehub_color_background":"","dark_theme":"","rehub_background_image":"","rehub_background_repeat":"repeat","rehub_background_position":"","rehub_background_fixed":"","rehub_branded_bg_url":"","rehub_logo":"https:\/\/redirect.wpsoul.net\/wp-content\/uploads\/2016\/05\/logoredirect.png","rehub_logo_retina":"","rehub_logo_retina_width":"","rehub_logo_retina_height":"","rehub_text_logo":"","rehub_text_slogan":"","rehub_header_style":"header_five","rehub_logo_pad":"5","header_seven_compare_btn":"","header_seven_compare_btn_label":"","header_seven_cart":"1","header_seven_cart_as_btn":"","header_seven_login":"","header_five_menucenter":"","header_seven_login_label":"","header_seven_wishlist":"","header_seven_wishlist_label":"","header_seven_more_element":"","header_six_login":"1","header_six_btn":"1","header_six_btn_color":"btncolor","header_six_btn_txt":"Add listing","header_six_btn_url":"\/store-manager\/","header_six_btn_login":"1","header_six_src":"","header_src_icon":"","header_six_menu":"17","header_nine_wishlist":"","rehub_sticky_nav":"","rehub_logo_sticky_url":"","header_logoline_style":"1","rehub_header_color_background":"#170f36","rehub_header_background_image":"","rehub_header_background_repeat":"","rehub_header_background_position":"","header_menuline_style":"1","header_menuline_type":"0","rehub_nav_font_custom":"","rehub_nav_font_upper":"","rehub_nav_font_light":"1","rehub_nav_font_border":"","rehub_enable_menu_shadow":"","rehub_custom_color_nav":"","rehub_custom_color_nav_font":"","rehub_ajax_search":"1","rehub_search_ptypes":[],"rehub_header_top_enable":"","header_topline_style":"1","rehub_custom_color_top":"","rehub_custom_color_top_font":"","rehub_top_line_content":"","rehub_footer_widgets":"1","footer_style":"0","footer_color_background":"#170f36","footer_background_image":"","footer_background_repeat":"","footer_background_position":"","footer_style_bottom":"0","rehub_footer_text":"","rehub_footer_logo":"","rehub_logo_inmenu":"1","rehub_logo_inmenu_url":"https:\/\/redirect.wpsoul.net\/wp-content\/uploads\/2016\/05\/logoredirect.png","logo_mobilesliding":"","bg_mobilesliding":"","color_mobilesliding":"","text_mobilesliding":"","rehub_single_before_post_note":"","rehub_logo_amp":"","amp_fb_id":"","amp_custom_in_header_top":"","amp_custom_in_header":"","amp_custom_in_footer":"","amp_custom_in_head_section":"","amp_custom_in_footer_section":"","amp_disable_default":"","amp_default_css_disable":"","amp_custom_css":"","woo_btn_disable":"","woo_compact_loop_btn":"","price_meta_woogrid":"1","woo_aff_btn":"","wooloop_image_size":"","wooloop_heading_color":"","wooloop_heading_size":"","wooloop_price_color":"","wooloop_price_size":"","wooloop_sale_color":"","disable_btn_offer_loop":"","rehub_enable_btn_recash":"","disable_grid_actions":"","price_meta_grid":"1","disable_inner_links":"","rehub_enable_expand":"","hot_max":"200","hot_min":"-500","featured_fallback_img":"","woo_columns":"3_col","rehub_sidebar_left_shop":"","sidebar_mobile_shop":"","woo_design":"gridrev","woo_number":"12","product_layout_style":"woo_directory","woo_code_zone_button":"","woo_code_zone_content":"","woo_code_zone_footer":"","woo_code_zone_float":"","woo_code_zone_loop":"<div class=\"font80 mt10\">\r\n<i class=\"rhicon rhi-database\"><\/i> <span class=\"fontbold\">Deployment:<\/span> \r\n [wpsm_custom_meta field=\"deployment-type\" type=\"attribute\"]\r\n<\/div>","rh_woo_shop_global":"","woo_btn_inner_disable":"","disable_woo_scripts":"","woo_enable_share":"1","woo_quick_view":"","woo_cart_place":"","wooregister_xprofile":"","post_sync_with_user_location":"","save_meta_for_ce":[],"ce_custom_currency":"","enable_user_sub_id":"","sub_id_show":"","custom_sub_id":"","cashback_points":"","cashback_pending_points":"","cashback_declined_points":"","rehub_post_exclude_expired":"","enable_brand_taxonomy":"1","brand_taxonomy_layout":"compact_grid","rehub_deal_store_tag":"","enable_blog_posttype":"1","blog_layout_style":"default","blog_posttype_slug":"","blog_posttypecat_slug":"","blog_posttypetag_slug":"","blog_archive_layout":"list_blog","disable_google_fonts":"","enable_regular_fontawesome":"","rehub_nav_font":"Poppins","rehub_nav_font_style":"normal","rehub_nav_font_weight":"700","rehub_nav_font_subset":[],"rehub_headings_font":"Poppins","rehub_headings_font_style":"normal","rehub_headings_font_weight":"700","rehub_headings_font_subset":[],"rehub_headings_font_upper":"","rehub_btn_font":"","rehub_btn_font_style":"","rehub_btn_font_weight":"","rehub_btn_font_subset":[],"rehub_btn_font_upper_dis":"","rehub_body_font":"Poppins","rehub_body_font_style":"normal","rehub_body_font_weight":"normal","rehub_body_font_subset":[],"body_font_size":"","rh_image_resize":"","enable_lazy_images":"1","criticalcss":"","exclude_author_meta":"","exclude_cat_meta":"","exclude_date_meta":"","exclude_comments_meta":"","hotmeter_disable":"","wishlist_disable":"","wishlistpage":"","wish_cache_enabled":"","thumb_only_users":"","wish_only_users":"","post_view_disable":"","date_publish":"","rehub_ptype_formeta":[],"rehub_disable_breadcrumbs":"","rehub_disable_share":"","rehub_disable_share_top":"","rehub_disable_social_footer":"","rehub_disable_prev":"","rehub_disable_tags":"","rehub_disable_author":"1","rehub_disable_relative":"","crop_dis_related":"","rehub_disable_feature_thumb":"","disable_post_sidebar":"","rehub_disable_comments":"","rehub_widget_comments":"","rehub_ads_top":"","rehub_ads_megatop":"","rehub_ads_infooter":"","rehub_single_after_title":"","rehub_single_before_post":"","rehub_single_code":"<div class=\"rehub_chimp centered_form\">\r\n<h3>GET THE BEST APPS IN YOUR INBOX<\/h3>\r\n<!-- Begin MailChimp Signup Form -->\r\n<div id=\"mc_embed_signup\">\r\n<form action=\"\/\/fleek.us10.list-manage.com\/subscribe\/post?u=4b4bbda55bb6deb367e6f52d9&id=6b32851a5b\" method=\"post\" id=\"mc-embedded-subscribe-form\" name=\"mc-embedded-subscribe-form\" class=\"validate\" target=\"_blank\" novalidate>\r\n    <div id=\"mc_embed_signup_scroll\">\r\n\t<input type=\"email\" value=\"\" name=\"EMAIL\" class=\"email\" id=\"mce-EMAIL\" placeholder=\"email address\" required>\r\n    <!-- real people should not fill this in and expect good things - do not remove this or risk form bot signups-->\r\n    <div style=\"position: absolute; left: -5000px;\"><input type=\"text\" name=\"b_4b4bbda55bb6deb367e6f52d9_6b32851a5b\" tabindex=\"-1\" value=\"\"><\/div>\r\n    <div class=\"clear\"><input type=\"submit\" value=\"Subscribe\" name=\"subscribe\" id=\"mc-embedded-subscribe\" class=\"button\"><\/div>\r\n    <\/div>\r\n<\/form>\r\n<\/div>\r\n\r\n<!--End mc_embed_signup-->\r\n<p>Don't worry we don't spam<\/p>\r\n<\/div>","rehub_shortcode_ads":"","rehub_shortcode_ads_2":"","rehub_ads_coupon_area":"","rehub_branded_banner_note":"","rehub_branded_banner_image":"","type_user_review":"full_review","type_total_score":"editor","rehub_user_rev_criterias":"","type_schema_review":"user","rehub_org_name_review":"","allowtorate":"guests_users","rehub_review_color":"","rehub_review_color_user":"","rh_front_review_fields":"","price_pattern":"in","rehub_btn_text":"Check demo","rehub_mask_text":"","rehub_btn_text_aff_links":"","rehub_readmore_text":"","buy_best_text":"","rehub_review_text":"","rehub_search_text":"","rehub_commenttitle_text":"","rehub_related_text":"","rehub_user_note":"","userlogin_enable":"1","custom_msg_popup":"","custom_login_url":"","custom_register_link":"\/demo-registration\/","custom_redirect_after_login":"","rehub_login_icon":"","userlogin_term_page":"","userlogin_policy_page":"","userlogin_submit_page":"","userlogin_submit_page_label":"","userlogin_edit_page":"","userlogin_edit_page_label":"","enable_comment_link":"","rh_sync_role":"","bp_redirect":"","bp_group_widget_area":"","rehub_bpheader_image":"","bp_deactivateemail_confirm":"","userpopup_xprofile":"","rh_bp_seo_description":"","rh_bp_phone":"","rh_bp_custom_message_profile":"","rh_bp_user_post_name":"Add your deal","rh_bp_user_post_slug":"","rh_bp_user_post_pos":"20","rh_bp_user_post_newpage":"392","rh_bp_user_post_editpage":"428","rh_bp_user_post_type":"","rh_bp_user_product_name":"Add your App","rh_bp_user_product_slug":"","rh_bp_user_product_pos":"21","rh_bp_user_product_newpage":"1224","rh_bp_user_product_editpage":"1231","rh_bp_user_product_type":"","bp_enable_mycred_comment_badge":"1","rh_enable_mycred_comment":"1","rh_mycred_custom_points":"","rh_award_role_mycred":"","rh_award_type_mycred":"","compare_page":"383","compare_multicats_textarea":"","compare_disable_button":"","compare_woo_cats":"","admin_badge_preview_1":"<div class=\"starburst_admin_wrapper\"><span class=\"re-starburst\"><span><span><span><span><span><span><span><span><strong>Editor choice<\/strong><\/span><\/span><\/span><\/span><\/span><\/span><\/span><\/span><\/span><\/span><span class=\"re-line-badge re-line-table-badge\">Editor choice<\/span><span class=\"re-ribbon-badge\"><span>Editor choice<\/span><\/span><\/div>","badge_label_1":"Editor choice","badge_color_1":"","admin_badge_preview_2":"<div class=\"starburst_admin_wrapper\"><span class=\"re-starburst\"><span><span><span><span><span><span><span><span><strong>Best seller<\/strong><\/span><\/span><\/span><\/span><\/span><\/span><\/span><\/span><\/span><\/span><span class=\"re-line-badge re-line-table-badge\">Best seller<\/span><span class=\"re-ribbon-badge\"><span>Best seller<\/span><\/span><\/div>","badge_label_2":"Best seller","badge_color_2":"","admin_badge_preview_3":"<div class=\"starburst_admin_wrapper\"><span class=\"re-starburst\"><span><span><span><span><span><span><span><span><strong>User choice<\/strong><\/span><\/span><\/span><\/span><\/span><\/span><\/span><\/span><\/span><\/span><span class=\"re-line-badge re-line-table-badge\">User choice<\/span><span class=\"re-ribbon-badge\"><span>User choice<\/span><\/span><\/div>","badge_label_3":"User choice","badge_color_3":"","admin_badge_preview_4":"<div class=\"starburst_admin_wrapper\"><span class=\"re-starburst\"><span><span><span><span><span><span><span><span><strong>Best value<\/strong><\/span><\/span><\/span><\/span><\/span><\/span><\/span><\/span><\/span><\/span><span class=\"re-line-badge re-line-table-badge\">Best value<\/span><span class=\"re-ribbon-badge\"><span>Best value<\/span><\/span><\/div>","badge_label_4":"Best value","badge_color_4":"","rehub_facebook":"http:\/\/facebook.com\/envato","rehub_twitter":"","rehub_instagram":"","rehub_wa":"","rehub_youtube":"","rehub_vimeo":"","rehub_pinterest":"","rehub_linkedin":"","rehub_soundcloud":"","rehub_vk":"http:\/\/vk.com\/movetraining","rehub_telegram":"","discord":"","rehub_rss":"","url_for_add_one":"\/submit-a-deal\/","label_for_add_one":"Add Coupon","url_for_add_two":"\/add-you-app\/","label_for_add_two":"Add App","url_for_add_three":"\/edit-deals\/","label_for_add_three":"Edit Coupons","url_for_add_four":"\/edit-your-apps\/","label_for_add_four":"Edit Apps","":""}