{"rehub_framework_archive_layout":"","rehub_framework_category_layout":"","rehub_framework_search_layout":"","post_layout_style":"meta_outside","width_layout":"regular","rehub_custom_css":"","rehub_analytics":"","rehub_analytics_header":"","rehub_enable_front_vc":"","hot_max":"10","hot_min":"-10","rehub_custom_color":"#54ae3f","rehub_sec_color":"#000000","rehub_btnoffer_color":"#ff4e0c","enable_smooth_btn":"2","rehub_color_link":"","rehub_sidebar_left":"","rehub_body_block":"","rehub_color_background":"","rehub_background_image":"","rehub_background_repeat":"repeat","rehub_background_position":"","rehub_background_offset":"","rehub_background_fixed":"","rehub_sized_background":"","rehub_branded_bg_url":"","rehub_logo":"http:\/\/redokandemo.wpsoul.net\/wp-content\/uploads\/2017\/04\/logo.png","rehub_logo_retina":"","rehub_logo_retina_width":"171","rehub_logo_retina_height":"42","rehub_text_logo":"","rehub_text_slogan":"","rehub_favicon_note":"","rehub_header_style":"header_seven","rehub_logo_pad":"","header_seven_compare_btn":"1","header_seven_cart":"1","header_seven_login":"1","header_seven_wishlist":"","header_seven_more_element":"[wpsm_is_guest]<a href=\"\/my-account\" class=\"act_rehub_login_popup\">Create store<\/a>[\/wpsm_is_guest]","header_six_login":"1","header_six_btn":"1","header_six_btn_color":"orange","header_six_btn_txt":"Submit a deal","header_six_btn_url":"","header_six_btn_login":"1","header_six_src":"","header_six_menu":"","rehub_sticky_nav":"","rehub_logo_sticky_url":"","header_logoline_style":"0","rehub_header_color_background":"","rehub_header_background_image":"","rehub_header_background_repeat":"","rehub_header_background_position":"","header_menuline_style":"0","header_menuline_type":"0","rehub_nav_font_custom":"","rehub_nav_font_upper":"","rehub_nav_font_light":"","rehub_nav_font_border":"","rehub_enable_menu_shadow":"","rehub_custom_color_nav":"","rehub_custom_color_nav_font":"","rehub_ajax_search":"1","rehub_search_ptypes":["product"],"header_topline_style":"0","rehub_custom_color_top":"","rehub_custom_color_top_font":"","rehub_logged_enable_intop":"","rehub_header_top":"1","rehub_footer_widgets":"1","footer_style":"0","footer_color_background":"","footer_background_image":"","footer_background_repeat":"","footer_background_position":"","footer_style_bottom":"0","rehub_footer_text":"\u00a9 All rights reserved. <div class=\"floatright mr30 ml30 mobilecenterdisplay disablefloatmobile\"><a href=\"\" class=\"inlinestyle mr30\">Disclaimer<\/a>  <a href=\"mailto:\" class=\"act-rehub-login-popup inlinestyle\">Mail Us<\/a><\/div>","rehub_footer_logo":"","rehub_footer_center":"1","rehub_logo_inmenu":"","rehub_logo_inmenu_url":"","rehub_single_before_post_note":"","rehub_logo_amp":"","amp_fb_id":"","amp_custom_in_header_top":"","amp_custom_in_header":"","amp_custom_in_footer":"","amp_custom_in_head_section":"","amp_custom_in_footer_section":"","amp_disable_default":"","amp_default_css_disable":"","amp_custom_css":"","rehub_facebook":"","rehub_twitter":"","rehub_google":"","rehub_instagram":"","rehub_wa":"","rehub_youtube":"","rehub_vimeo":"","rehub_pinterest":"","rehub_linkedin":"","rehub_soundcloud":"","rehub_vk":"","rehub_telegram":"","rehub_rss":"","rehub_nav_font":"","rehub_nav_font_style":"","rehub_nav_font_weight":"","rehub_nav_font_subset":[],"rehub_headings_font":"","rehub_headings_font_style":"","rehub_headings_font_weight":"","rehub_headings_font_subset":[],"rehub_headings_font_upper":"","rehub_body_font":"","rehub_body_font_style":"","rehub_body_font_weight":"","rehub_body_font_subset":[],"body_font_size":"","rh_image_resize":"","aq_resize_crop":"","enable_lazy_images":"1","repick_social_disable":"","exclude_author_meta":"","exclude_cat_meta":"","exclude_date_meta":"","exclude_comments_meta":"","hotmeter_disable":"","wishlist_disable":"","wishlistpage":"","thumb_only_users":"","wish_only_users":"","post_view_disable":"","disable_btn_offer_loop":"","rehub_ptype_formeta":[],"rehub_disable_breadcrumbs":"","rehub_disable_share":"","rehub_disable_share_top":"","rehub_disable_social_footer":"","rehub_disable_prev":"","rehub_disable_tags":"","rehub_disable_author":"","rehub_disable_relative":"","rehub_enable_tag_relative":"","rehub_disable_feature_thumb":"","rehub_disable_comments":"","rehub_widget_comments":"","rehub_ads_top":"","rehub_ads_megatop":"","rehub_ads_infooter":"","rehub_single_after_title":"","rehub_single_before_post":"","rehub_single_code":"<div class=\"rehub_chimp centered_form\">\r\n<h3>GET THE BEST DEALS IN YOUR INBOX<\/h3>\r\n<!-- Begin MailChimp Signup Form -->\r\n<div id=\"mc_embed_signup\">\r\n<form action=\"\/\/fleek.us10.list-manage.com\/subscribe\/post?u=4b4bbda55bb6deb367e6f52d9&id=6b32851a5b\" method=\"post\" id=\"mc-embedded-subscribe-form\" name=\"mc-embedded-subscribe-form\" class=\"validate\" target=\"_blank\" novalidate>\r\n    <div id=\"mc_embed_signup_scroll\">\r\n\t<input type=\"email\" value=\"\" name=\"EMAIL\" class=\"email\" id=\"mce-EMAIL\" placeholder=\"email address\" required>\r\n    <!-- real people should not fill this in and expect good things - do not remove this or risk form bot signups-->\r\n    <div style=\"position: absolute; left: -5000px;\"><input type=\"text\" name=\"b_4b4bbda55bb6deb367e6f52d9_6b32851a5b\" tabindex=\"-1\" value=\"\"><\/div>\r\n    <div class=\"clear\"><input type=\"submit\" value=\"Subscribe\" name=\"subscribe\" id=\"mc-embedded-subscribe\" class=\"button\"><\/div>\r\n    <\/div>\r\n<\/form>\r\n<\/div>\r\n\r\n<!--End mc_embed_signup-->\r\n<p>Don't worry we don't spam<\/p>\r\n<\/div>","rehub_shortcode_ads":"","rehub_shortcode_ads_2":"","rehub_ads_coupon_area":"","rehub_branded_banner_note":"","rehub_branded_banner_image":"","type_user_review":"full_review","type_total_score":"editor","rehub_user_rev_criterias":"","type_schema_review":"editor","rehub_org_name_review":"","enable_btn_userreview":"1","allowtorate":"guests_users","rehub_review_color":"","rehub_review_color_user":"","rehub_replace_color":"","rh_front_reviewform_id":"","rh_front_review_fields":"","save_meta_for_ce":[],"save_store_ce":"","rehub_post_exclude_expired":"","enable_brand_taxonomy":"","brand_taxonomy_layout":"compact_list","rehub_deal_store_tag":"","enable_blog_posttype":"","blog_posttype_slug":"","blog_posttypecat_slug":"","blog_posttypetag_slug":"","blog_archive_layout":"list_blog","sale_event_schema":"","price_pattern":"us","rehub_btn_text":"","rehub_mask_text":"","rehub_btn_text_aff_links":"","rehub_readmore_text":"","buy_best_text":"","rehub_review_text":"","rehub_search_text":"","rehub_commenttitle_text":"","rehub_related_text":"","rehub_user_note":"","userlogin_enable":"1","custom_msg_popup":"","custom_login_url":"","custom_register_link":"\/my-account","custom_redirect_after_login":"","rehub_login_icon":"no","userlogin_terms_enable":"","userlogin_term_page":"","userlogin_submit_page":"","userlogin_edit_page":"","remove_admin_bar":"1","enable_comment_link":"","rh_sync_role":"","bp_redirect":"","bp_profile_widget_area":"1","bp_group_widget_area":"","rehub_bpheader_image":"","bp_deactivateemail_confirm":"","userpopup_xprofile":"","userpopup_xprofile_hidename":"","rh_bp_custom_register_vendor":"","rh_bp_seo_description":"","rh_bp_phone":"","rh_bp_custom_message_profile":"","rh_bp_user_post_name":"","rh_bp_user_post_slug":"","rh_bp_user_post_pos":"20","rh_bp_user_post_newpage":"","rh_bp_user_post_editpage":"","rh_bp_user_post_type":"","rh_bp_user_product_name":"","rh_bp_user_product_slug":"","rh_bp_user_product_pos":"21","rh_bp_user_product_newpage":"","rh_bp_user_product_editpage":"","rh_bp_user_product_type":"","bp_enable_mycred_comment_badge":"","rh_enable_mycred_comment":"","rh_mycred_custom_points":"","rh_award_role_mycred":"","rh_award_type_mycred":"","compare_page":"612","compare_multicats_toggle":"","compare_multicats_textarea":"","compare_disable_button":"","woo_rhcompare":"1","compare_btn_single":"","compare_btn_cats":"","woo_columns":"3_col","woo_design":"simple","woo_number":"12","product_layout_style":"default_with_sidebar","woo_code_zone_button":"","woo_code_zone_content":"","woo_code_zone_footer":"","woo_code_zone_loop":"","disable_woo_scripts":"","woo_btn_disable":"","woo_exclude_expired":"","woo_enable_share":"","woo_cart_place":"2","rehub_woo_print":"1","wooregister_xprofile":"","wooregister_xprofile_hidename":"","post_sync_with_user_location":"","wcv_vendor_bg":"","wcv_vendor_avatar":"","url_for_add_product":"\/add-product\/","url_for_edit_product":"\/edit-your-products\/","rehub_wcv_related":"1","rehub_wcv_dash_redirect":"","admin_badge_preview_1":"<div class=\"starburst_admin_wrapper\"><span class=\"re-starburst\"><span><span><span><span><span><span><span><span><strong>Editor choice<\/strong><\/span><\/span><\/span><\/span><\/span><\/span><\/span><\/span><\/span><\/span><span class=\"re-line-badge re-line-table-badge\">Editor choice<\/span><span class=\"re-ribbon-badge\"><span>Editor choice<\/span><\/span><\/div>","badge_label_1":"Editor choice","badge_color_1":"","admin_badge_preview_2":"<div class=\"starburst_admin_wrapper\"><span class=\"re-starburst\"><span><span><span><span><span><span><span><span><strong>Best seller<\/strong><\/span><\/span><\/span><\/span><\/span><\/span><\/span><\/span><\/span><\/span><span class=\"re-line-badge re-line-table-badge\">Best seller<\/span><span class=\"re-ribbon-badge\"><span>Best seller<\/span><\/span><\/div>","badge_label_2":"Best seller","badge_color_2":"","admin_badge_preview_3":"<div class=\"starburst_admin_wrapper\"><span class=\"re-starburst\"><span><span><span><span><span><span><span><span><strong>User choice<\/strong><\/span><\/span><\/span><\/span><\/span><\/span><\/span><\/span><\/span><\/span><span class=\"re-line-badge re-line-table-badge\">User choice<\/span><span class=\"re-ribbon-badge\"><span>User choice<\/span><\/span><\/div>","badge_label_3":"User choice","badge_color_3":"","admin_badge_preview_4":"<div class=\"starburst_admin_wrapper\"><span class=\"re-starburst\"><span><span><span><span><span><span><span><span><strong>Best value<\/strong><\/span><\/span><\/span><\/span><\/span><\/span><\/span><\/span><\/span><\/span><span class=\"re-line-badge re-line-table-badge\">Best value<\/span><span class=\"re-ribbon-badge\"><span>Best value<\/span><\/span><\/div>","badge_label_4":"Best value","badge_color_4":"","":""}